epoch,acc,loss,val_acc,val_loss
0,0.11659731113956466,3.8347583598577715,0.1823,3.4256028694152834
